INSERT INTO products (id, descr, price, count, category) VALUES
(1, 'Смартфон Samsung Galaxy S24', 89999.00, 8, 'Смартфоны'),
(2, 'Ноутбук Apple MacBook Pro 16"', 249999.00, 3, 'Ноутбуки'),
(3, 'Телевизор LG OLED 55"', 129999.00, 6, 'Телевизоры'),
(4, 'Планшет iPad Air 5', 65999.00, 12, 'Планшеты'),
(5, 'Игровая консоль PlayStation 5', 59999.00, 4, 'Игровые консоли'),
(6, 'Умные часы Apple Watch Series 9', 41999.00, 15, 'Умные часы'),
(7, 'Фотоаппарат Canon EOS R6', 189999.00, 2, 'Фототехника'),
(8, 'Ноутбук ASUS ROG Strix G15', 89999.00, 7, 'Ноутбуки'),
(9, 'Смартфон Xiaomi Redmi Note 13', 25999.00, 25, 'Смартфоны'),
(10, 'Наушники Sony WH-1000XM5', 29999.00, 18, 'Аудиотехника');

INSERT INTO customers (id, name, lastname, phone, mail) VALUES
(1, 'Иван', 'Петров', '+7 (912) 345-67-89', 'ivan.petrov@mail.ru'),
(2, 'Мария', 'Сидорова', '+7 (923) 456-78-90', 'maria.sidorova@gmail.com'),
(3, 'Алексей', 'Козлов', '+7 (934) 567-89-01', 'alex.kozlov@yandex.ru'),
(4, 'Елена', 'Васильева', '+7 (945) 678-90-12', 'elena.vasileva@mail.ru'),
(5, 'Дмитрий', 'Смирнов', '+7 (956) 789-01-23', 'dmitry.smirnov@gmail.com'),
(6, 'Ольга', 'Попова', '+7 (967) 890-12-34', 'olga.popova@yandex.ru'),
(7, 'Сергей', 'Иванов', '+7 (978) 901-23-45', 'sergey.ivanov@mail.ru'),
(8, 'Анна', 'Федорова', '+7 (989) 012-34-56', 'anna.fedorova@gmail.com'),
(9, 'Павел', 'Николаев', '+7 (990) 123-45-67', 'pavel.nikolaev@yandex.ru'),
(10, 'Наталья', 'Орлова', '+7 (901) 234-56-78', 'natalia.orlova@mail.ru');

INSERT INTO order_status (id, status) VALUES
(1, 'Новый'),
(2, 'Подтвержден'),
(3, 'Оплачен'),
(4, 'В обработке'),
(5, 'Передан в доставку'),
(6, 'В пути'),
(7, 'Доставлен'),
(8, 'Получен'),
(9, 'Отменен'),
(10, 'Возврат');

INSERT INTO orders (id, product_id, customer_id, date_order, count, status_order) VALUES
(1, 2, 5, '2024-02-01', 1, 1),
(2, 7, 3, '2024-02-02', 5, 2),
(3, 4, 8, '2024-02-03', 2, 4),
(4, 9, 1, '2024-02-04', 1, 3),
(5, 6, 10, '2024-02-05', 3, 7),
(6, 1, 7, '2024-02-06', 4, 5),
(7, 10, 2, '2024-02-07', 2, 6),
(8, 3, 9, '2024-02-08', 1, 8),
(9, 8, 4, '2024-02-09', 6, 9),
(10, 5, 6, '2024-02-10', 2, 10);